group,nnm,nm
점,경부선시점,경부선시점
IC,구서IC,구서
IC,영락IC,영락
TG,부산TG,부산
IC,노포IC,노포
JC,노포JC,노포
휴게소,양산휴게소(서울),양산
JC,양산JC,양산
IC,양산IC,양산
IC,통도사 하이패스IC,통도사 하이패스
IC,통도사IC,통도사
JC,서울주JC,서울주
IC,서울산IC,서울산
JC,언양JC,언양
휴게소,언양휴게소(서울),언양
IC,활천IC,활천
IC,경주IC,경주
휴게소,건천휴게소(서울),건천
IC,건천IC,건천
JC,영천JC,영천
IC,영천IC,영천
휴게소,경산휴게소(서울),경산
IC,경산IC,경산
JC,동대구JC,동대구
JC,도동JC,도동
IC,북대구IC,북대구
JC,금호JC,금호
JC,금호JC,금호
IC,칠곡물류IC,칠곡물류
IC,왜관IC,왜관
휴게소,칠곡휴게소(서울),칠곡
IC,남구미IC,남구미
IC,구미IC,구미
JC,김천JC,김천
IC,동김천IC,동김천
휴게소,김천휴게소(서울),김천
IC,김천IC,김천
IC,추풍령IC,추풍령
휴게소,추풍령휴게소(서울),추풍령
터널,황간터널,황간
IC,황간IC,황간
휴게소,황간휴게소(서울),황간
IC,영동IC,영동
터널,영동1터널,영동1
터널,옥천4터널,옥천4
터널,옥천2터널,옥천2
IC,금강IC,금강
휴게소,금강휴게소(서울),금강
터널,옥천3터널,옥천3
터널,옥천1터널,옥천1
휴게소,옥천휴게소(서울),옥천
터널,삼양터널,삼양
IC,옥천IC,옥천
JC,비룡JC,비룡
터널,대전터널,대전
IC,대전IC,대전
JC,회덕JC,회덕
휴게소,신탄진휴게소(서울),신탄진
IC,신탄진IC,신탄진
휴게소,죽암휴게소(서울),죽암
IC,남청주IC,남청주
JC,청주JC,청주
JC,청주JC,청주
JC,남이JC,남이
IC,청주IC,청주
IC,옥산IC,옥산
JC,옥산JC,옥산
휴게소,청주휴게소(서울),청주
IC,목천IC,목천
JC,천안JC,천안
휴게소,천안(삼)휴게소(서울),천안(삼)
IC,천안IC,천안
IC,북천안IC,북천안
휴게소,입장휴게소(서울),입장
IC,안성IC,안성
IC,안성IC,안성
JC,안성JC,안성
휴게소,안성휴게소(서울),안성
,남사,
IC,오산IC,오산
JC,동탄JC,동탄
IC,기흥동탄IC,기흥동탄
IC,기흥IC,기흥
IC,수원신갈IC,수원신갈
JC,신갈JC,신갈
휴게소,죽전휴게소,죽전
TG,서울TG,서울
IC,판교IC,판교
JC,판교JC,판교
IC,대왕판교IC,대왕판교
JC,금토JC,금토
,달래내,
IC,양재IC,양재
IC,서초IC,서초
IC,반포IC,반포
IC,잠원IC,잠원
IC,한남IC,한남
점,경부선시점,경부선시점
IC,구서IC,구서
IC,영락IC,영락
TG,부산TG,부산
IC,노포IC,노포
JC,노포JC,노포
JC,양산JC,양산
IC,양산IC,양산
휴게소,통도사휴게소(부산),통도사
IC,통도사 하이패스IC,통도사 하이패스
IC,통도사IC,통도사
JC,서울주JC,서울주
IC,서울산IC,서울산
JC,언양JC,언양
IC,활천IC,활천
휴게소,경주휴게소(부산),경주
IC,경주IC,경주
휴게소,건천휴게소(부산),건천
IC,건천IC,건천
JC,영천JC,영천
IC,영천IC,영천
휴게소,평사휴게소(부산),평사
IC,경산IC,경산
JC,동대구JC,동대구
JC,도동JC,도동
IC,북대구IC,북대구
JC,금호JC,금호
JC,금호JC,금호
IC,칠곡물류IC,칠곡물류
IC,왜관IC,왜관
휴게소,칠곡휴게소(부산),칠곡
IC,남구미IC,남구미
IC,구미IC,구미
JC,김천JC,김천
IC,동김천IC,동김천
휴게소,김천휴게소(부산),김천
IC,김천IC,김천
IC,추풍령IC,추풍령
휴게소,추풍령휴게소(부산),추풍령
터널,황간터널,황간
IC,황간IC,황간
휴게소,황간휴게소(부산),황간
IC,영동IC,영동
터널,영동3터널,영동3
터널,영동2터널,영동2
,청성,
터널,영동1터널,영동1
터널,옥천4터널,옥천4
터널,옥천3터널,옥천3
터널,옥천2터널,옥천2
IC,금강IC,금강
휴게소,금강휴게소(부산),금강
터널,옥천1터널,옥천1
휴게소,옥천휴게소(부산),옥천
터널,삼양터널,삼양
IC,옥천IC,옥천
JC,비룡JC,비룡
터널,대전터널,대전
IC,대전IC,대전
JC,회덕JC,회덕
IC,신탄진IC,신탄진
휴게소,죽암휴게소(부산),죽암
IC,남청주IC,남청주
JC,청주JC,청주
JC,청주JC,청주
JC,남이JC,남이
IC,청주IC,청주
IC,옥산IC,옥산
휴게소,옥산휴게소(부산),옥산
JC,옥산JC,옥산
휴게소,천안휴게소(부산),천안
IC,목천IC,목천
JC,천안JC,천안
IC,천안IC,천안
휴게소,망향휴게소(부산),망향
IC,북천안IC,북천안
,입장,
IC,안성IC,안성
IC,안성IC,안성
휴게소,안성휴게소(부산),안성
휴게소,안성휴게소(부산),안성
JC,안성JC,안성
,남사,
IC,오산IC,오산
JC,동탄JC,동탄
IC,기흥동탄IC,기흥동탄
IC,기흥IC,기흥
휴게소,기흥휴게소(부산),기흥
IC,수원신갈IC,수원신갈
JC,신갈JC,신갈
,죽전,
TG,서울TG,서울
IC,판교IC,판교
JC,판교JC,판교
IC,대왕판교IC,대왕판교
JC,금토JC,금토
,달래내,
,만남의광장,
IC,양재IC,양재
IC,서초IC,서초
IC,반포IC,반포
IC,잠원IC,잠원
IC,한남IC,한남
IC,서순천IC,서순천
IC,순천IC,순천
JC,순천JC,순천
IC,광양IC,광양
IC,동광양IC,동광양
터널,광양터널,광양
IC,옥곡IC,옥곡
IC,진월IC,진월
IC,진월IC,진월
휴게소,섬진강휴게소(부산),섬진강
휴게소,섬진강휴게소(부산),섬진강
터널,하동터널,하동
터널,하동터널,하동
IC,하동IC,하동
IC,진교IC,진교
터널,진교터널,진교
IC,곤양IC,곤양
터널,사천터널,사천
휴게소,사천휴게소(부산),사천
IC,축동IC,축동
IC,사천IC,사천
JC,진주JC,진주
IC,진주IC,진주
휴게소,진주휴게소(부산),진주
IC,문산IC,문산
터널,진주1터널,진주1
터널,진주2터널,진주2
IC,진성IC,진성
IC,지수IC,지수
IC,군북IC,군북
휴게소,함안휴게소(부산),함안
IC,장지IC,장지
IC,함안IC,함안
JC,산인JC,산인
터널,함안1터널,함안1
JC,칠원JC,칠원
JC,칠원JC,칠원
터널,함안2터널,함안2
터널,함안2터널,함안2
터널,창원1터널(서측),창원1
터널,창원1터널(동측),창원1
터널,창원1터널(동측),창원1
터널,창원1터널,창원1
터널,창원1터널,창원1
IC,북창원IC,북창원
JC,창원JC,창원
터널,창원2터널,창원2
IC,동창원IC,동창원
JC,진영JC,진영
휴게소,진영휴게소(부산),진영
터널,김해터널,김해
IC,진례IC,진례
JC,진례JC,진례
JC,냉정JC,냉정
JC,냉정JC,냉정
IC,서김해IC,서김해
IC,동김해IC,동김해
JC,김해JC,김해
TG,북부산TG,북부산
JC,대저JC,대저
IC,덕천IC,덕천
IC,구포IC,구포
IC,서순천IC,서순천
IC,순천IC,순천
JC,순천JC,순천
IC,광양IC,광양
IC,동광양IC,동광양
터널,광양터널,광양
IC,옥곡IC,옥곡
IC,진월IC,진월
IC,진월IC,진월
휴게소,섬진강휴게소(순천),섬진강
휴게소,섬진강휴게소(순천),섬진강
터널,하동터널,하동
터널,하동터널,하동
IC,하동IC,하동
IC,진교IC,진교
터널,진교터널,진교
IC,곤양IC,곤양
터널,사천터널,사천
휴게소,사천휴게소(순천),사천
IC,축동IC,축동
IC,사천IC,사천
JC,진주JC,진주
IC,진주IC,진주
휴게소,문산휴게소(순천),문산
IC,문산IC,문산
터널,진주1터널,진주1
터널,진주2터널,진주2
IC,진성IC,진성
IC,지수IC,지수
IC,군북IC,군북
휴게소,함안휴게소(순천),함안
IC,장지IC,장지
IC,함안IC,함안
JC,산인JC,산인
터널,함안1터널,함안1
JC,칠원JC,칠원
JC,칠원JC,칠원
터널,함안2터널,함안2
터널,함안2터널,함안2
터널,창원1터널(서측),창원1
터널,창원1터널,창원1
터널,창원1터널(동측),창원1
터널,창원1터널(동측),창원1
IC,북창원IC,북창원
터널,창원2터널,창원2
JC,창원JC,창원
IC,동창원IC,동창원
JC,진영JC,진영
휴게소,진영휴게소(순천),진영
터널,김해터널,김해
IC,진례IC,진례
JC,진례JC,진례
JC,냉정JC,냉정
JC,냉정JC,냉정
IC,서김해IC,서김해
IC,동김해IC,동김해
JC,김해JC,김해
TG,북부산TG,북부산
JC,대저JC,대저
IC,덕천IC,덕천
IC,구포IC,구포
점,영암시점(영암군학산면은곡리),영암시점(영암군학산면은곡리)
IC,서영암IC,서영암
TG,서영암TG,서영암
IC,서호학산IC,서호학산
IC,강진IC,강진
IC,장흥IC,장흥
IC,보성IC,보성
휴게소,보성녹차휴게소(광양),보성녹차
IC,벌교IC,벌교
IC,고흥IC,고흥
TG,남순천TG,남순천
IC,순천만IC,순천만
IC,도롱IC,도롱
IC,해룡IC,해룡
점,순천종점(순천시해룡면성산리),순천종점(순천시해룡면성산리)
점,영암시점(영암군학산면은곡리),영암시점(영암군학산면은곡리)
IC,서영암IC,서영암
TG,서영암TG,서영암
IC,서호학산IC,서호학산
IC,강진IC,강진
IC,장흥IC,장흥
IC,보성IC,보성
휴게소,보성녹차휴게소(무안),보성녹차
IC,벌교IC,벌교
IC,고흥IC,고흥
TG,남순천TG,남순천
IC,순천만IC,순천만
IC,도롱IC,도롱
IC,해룡IC,해룡
점,순천종점(순천시해룡면성산리),순천종점(순천시해룡면성산리)
교,남문대교,남문대교
IC,진해IC,진해
IC,대청IC,대청
IC,산본IC,산본
JC,진례JC,진례
교,남문대교,남문대교
IC,진해IC,진해
IC,대청IC,대청
IC,산본IC,산본
JC,진례JC,진례
JC,고서JC,고서
JC,담양JC,담양
IC,담양IC,담양
휴게소,강천산휴게소(대구),강천산
IC,순창IC,순창
터널,남원터널,남원
휴게소,남원휴게소(대구),남원
JC,남원JC,남원
IC,남원IC,남원
IC,동남원IC,동남원
휴게소,지리산휴게소(대구),지리산
IC,지리산IC,지리산
IC,지리산IC,지리산
IC,서함양IC,서함양
IC,서함양IC,서함양
IC,함양IC,함양
JC,함양JC,함양
휴게소,함양산삼골휴게소(대구),함양산삼골
IC,거창IC,거창
IC,가조IC,가조
휴게소,거창휴게소(대구),거창
IC,해인사IC,해인사
IC,고령IC,고령
IC,동고령IC,동고령
JC,고령JC,고령
휴게소,논공휴게소(대구),논공
JC,옥포JC,옥포
JC,고서JC,고서
JC,담양JC,담양
IC,담양IC,담양
휴게소,강천산휴게소(광주),강천산
IC,순창IC,순창
터널,남원터널,남원
JC,남원JC,남원
IC,남원IC,남원
IC,동남원IC,동남원
휴게소,지리산휴게소(고서),지리산
IC,지리산IC,지리산
IC,지리산IC,지리산
IC,서함양IC,서함양
IC,서함양IC,서함양
IC,함양IC,함양
JC,함양JC,함양
휴게소,함양산삼골휴게소(고서),함양산삼골
IC,거창IC,거창
IC,가조IC,가조
휴게소,거창휴게소(고서),거창
IC,해인사IC,해인사
IC,고령IC,고령
IC,동고령IC,동고령
JC,고령JC,고령
휴게소,논공휴게소(고서),논공
JC,옥포JC,옥포
IC,무안공항IC,무안공항
IC,북무안IC,북무안
JC,함평JC,함평
휴게소,함평나비휴게소(광주),함평나비
IC,동함평IC,동함평
터널,함평나비터널,함평나비
IC,문평IC,문평
IC,나주IC,나주
IC,서광산IC,서광산
TG,동광산TG,동광산
IC,운수IC,운수
IC,무안공항IC,무안공항
IC,북무안IC,북무안
JC,함평JC,함평
휴게소,함평나비휴게소(무안),함평나비
IC,동함평IC,동함평
터널,함평나비터널,함평나비
IC,문평IC,문평
IC,나주IC,나주
IC,서광산IC,서광산
TG,동광산TG,동광산
IC,운수IC,운수
JC,고창JC,고창
IC,남고창IC,남고창
터널,고창터널,고창
IC,장성물류IC,장성물류
터널,장성1터널,장성1
JC,장성JC,장성
터널,장성2터널,장성2
터널,장성3터널,장성3
터널,장성4터널,장성4
IC,북광주IC,북광주
터널,송강정터널,송강정
JC,담양JC,담양
JC,대덕JC,대덕
터널,문수산터널,문수산
JC,고창JC,고창
IC,남고창IC,남고창
터널,고창터널,고창
터널,문수산터널,문수산
IC,장성물류IC,장성물류
터널,장성1터널,장성1
JC,장성JC,장성
터널,장성2터널,장성2
터널,장성3터널,장성3
터널,장성4터널,장성4
IC,북광주IC,북광주
터널,송강정터널,송강정
JC,담양JC,담양
JC,대덕JC,대덕
JC,밀양JC,밀양
IC,배내골IC,배내골
JC,서울주JC,서울주
JC,울주JC,울주
JC,밀양JC,밀양
IC,배내골IC,배내골
JC,서울주JC,서울주
JC,울주JC,울주
점,서해안선시점,서해안선시점
IC,목포IC,목포
IC,일로IC,일로
TG,목포TG,목포
터널,몽탄3터널,몽탄3
터널,몽탄2터널,몽탄2
터널,몽탄1터널,몽탄1
터널,무안4터널,무안4
터널,무안3터널,무안3
터널,무안2터널,무안2
터널,무안1터널,무안1
IC,무안IC,무안
JC,함평JC,함평
IC,함평IC,함평
휴게소,함평휴게소(서울),함평
터널,함평터널,함평
터널,영광2터널,영광2
터널,영광1터널,영광1
IC,영광IC,영광
JC,고창JC,고창
IC,고창IC,고창
휴게소,고창고인돌휴게소(서울),고창고인돌
IC,선운산IC,선운산
IC,줄포IC,줄포
IC,부안IC,부안
IC,서김제IC,서김제
IC,동군산IC,동군산
터널,대명터널,대명
IC,군산IC,군산
휴게소,군산휴게소(서울),군산
JC,동서천JC,동서천
IC,서천IC,서천
터널,종천터널,종천
휴게소,서천휴게소(서울),서천
터널,비인터널,비인
IC,춘장대IC,춘장대
터널,웅천터널,웅천
IC,무창포IC,무창포
IC,대천IC,대천
휴게소,대천휴게소(서울),대천
IC,광천IC,광천
휴게소,홍성휴게소(서울),홍성
IC,홍성IC,홍성
IC,해미IC,해미
휴게소,서산휴게소(서울),서산
터널,운산터널,운산
IC,서산IC,서산
JC,당진JC,당진
IC,당진IC,당진
IC,송악IC,송악
IC,송악IC,송악
교,서해대교,서해대교
교,서해대교,서해대교
IC,서평택IC,서평택
JC,서평택JC,서평택
IC,발안IC,발안
휴게소,화성휴게소(서울),화성
JC,팔탄JC,팔탄
IC,비봉IC,비봉
휴게소,매송휴게소(서울),매송
IC,매송IC,매송
터널,용담터널,용담
JC,팔곡JC,팔곡
JC,팔곡JC,팔곡
JC,팔곡JC,팔곡
터널,팔곡터널,팔곡
터널,팔곡터널,팔곡
터널,팔곡터널,팔곡
터널,순산터널,순산
터널,순산터널,순산
터널,순산터널,순산
JC,안산JC,안산
TG,서서울TG,서서울
JC,조남JC,조남
휴게소,목감휴게소(서울),목감
IC,목감IC,목감
IC,광명역IC,광명역
JC,일직JC,일직
IC,금천IC,금천
점,서해안선종점,서해안선종점
점,서해안선시점,서해안선시점
IC,목포IC,목포
IC,일로IC,일로
TG,목포TG,목포
터널,몽탄3터널,몽탄3
터널,몽탄2터널,몽탄2
터널,몽탄1터널,몽탄1
터널,무안4터널,무안4
터널,무안3터널,무안3
터널,무안2터널,무안2
터널,무안1터널,무안1
IC,무안IC,무안
JC,함평JC,함평
휴게소,함평휴게소(목포),함평
IC,함평IC,함평
터널,함평터널,함평
터널,영광2터널,영광2
터널,영광1터널,영광1
IC,영광IC,영광
JC,고창JC,고창
IC,고창IC,고창
휴게소,고창고인돌휴게소(목포),고창고인돌
IC,선운산IC,선운산
IC,줄포IC,줄포
IC,부안IC,부안
IC,서김제IC,서김제
IC,동군산IC,동군산
휴게소,군산휴게소(목포),군산
터널,대명터널,대명
IC,군산IC,군산
JC,동서천JC,동서천
IC,서천IC,서천
터널,종천터널,종천
휴게소,서천휴게소(목포),서천
터널,비인터널,비인
IC,춘장대IC,춘장대
터널,웅천터널,웅천
IC,무창포IC,무창포
IC,대천IC,대천
휴게소,대천휴게소(목포),대천
IC,광천IC,광천
휴게소,홍성휴게소(무안),홍성
IC,홍성IC,홍성
IC,해미IC,해미
휴게소,서산휴게소(목포),서산
터널,운산터널,운산
IC,서산IC,서산
JC,당진JC,당진
IC,당진IC,당진
IC,송악IC,송악
IC,송악IC,송악
교,서해대교,서해대교
교,서해대교,서해대교
휴게소,행담도휴게소(목포),행담도
휴게소,행담도휴게소(목포),행담도
교,서해대교,서해대교
교,서해대교,서해대교
IC,서평택IC,서평택
JC,서평택JC,서평택
IC,발안IC,발안
휴게소,화성휴게소(목포),화성
JC,팔탄JC,팔탄
IC,비봉IC,비봉
휴게소,매송휴게소(목포),매송
IC,매송IC,매송
터널,용담터널,용담
JC,팔곡JC,팔곡
JC,팔곡JC,팔곡
JC,팔곡JC,팔곡
터널,팔곡터널,팔곡
터널,팔곡터널,팔곡
터널,팔곡터널,팔곡
터널,순산터널,순산
터널,순산터널,순산
터널,순산터널,순산
JC,안산JC,안산
TG,서서울TG,서서울
JC,조남JC,조남
IC,목감IC,목감
IC,광명역IC,광명역
JC,일직JC,일직
IC,금천IC,금천
점,서해안선종점,서해안선종점
JC,서평택JC,서평택
IC,조암IC,조암
JC,마도JC,마도
IC,송산마도IC,송산마도
IC,남안산IC,남안산
JC,군자JC,군자
JC,서평택JC,서평택
IC,조암IC,조암
JC,마도JC,마도
IC,송산마도IC,송산마도
IC,남안산IC,남안산
JC,군자JC,군자
JC,언양JC,언양
TG,울산TG,울산
TG,울산TG,울산
JC,울산JCT,울산
TG,울산TG,울산
IC,울산IC,울산
JC,언양JC,언양
TG,울산TG,울산
TG,울산TG,울산
JC,울산JCT,울산
TG,울산TG,울산
IC,울산IC,울산
IC,오성IC,오성
JC,평택JC,평택
IC,어연IC,어연
TG,북평택TG,북평택
IC,향남IC,향남
JC,서오산JC,서오산
IC,정남IC,정남
JC,화성JC,화성
TG,봉담TG,봉담
TG,서오산TG,서오산
IC,봉담IC,봉담
IC,금곡IC,금곡
IC,당수IC,당수
IC,남군포IC,남군포
JC,동시흥JCT,동시흥
JC,남광명JCT,남광명
IC,소하IC,소하
IC,오성IC,오성
JC,평택JC,평택
IC,어연IC,어연
TG,북평택TG,북평택
IC,향남IC,향남
JC,서오산JC,서오산
IC,정남IC,정남
JC,화성JC,화성
TG,봉담TG,봉담
TG,서오산TG,서오산
IC,봉담IC,봉담
IC,금곡IC,금곡
IC,당수IC,당수
IC,남군포IC,남군포
JC,동시흥JCT,동시흥
JC,남광명JCT,남광명
IC,소하IC,소하
JC,서오산JC,서오산
IC,안녕IC,안녕
JC,서오산JC,서오산
IC,안녕IC,안녕
JC,행주산성JC,행주산성
JC,봉대산JC,봉대산
IC,흥도IC,흥도
JC,고양JC,고양
IC,사리현IC,사리현
IC,북고양IC,북고양
IC,금촌IC,금촌
IC,월롱IC,월롱
IC,산단IC,산단
IC,내포IC,내포
JC,행주산성JC,행주산성
JC,봉대산JC,봉대산
IC,흥도IC,흥도
JC,고양JC,고양
IC,사리현IC,사리현
IC,북고양IC,북고양
IC,금촌IC,금촌
IC,월롱IC,월롱
IC,산단IC,산단
IC,내포IC,내포
IC,남고양IC,남고양
IC,남고양IC,남고양
IC,팔공산IC,팔공산
JC,도동JC,도동
터널,와촌터널,와촌
휴게소,와촌휴게소,와촌
IC,청통와촌IC,청통와촌
JC,화산JC,화산
IC,북영천IC,북영천
IC,임고 하이패스IC,임고 하이패스
터널,임고1터널,임고1
휴게소,영천휴게소(포항),영천
터널,임고4터널,임고4
IC,서포항IC,서포항
터널,달전터널,달전
IC,포항IC,포항
IC,팔공산IC,팔공산
JC,도동JC,도동
터널,와촌터널,와촌
IC,청통와촌IC,청통와촌
휴게소,청통휴게소,청통
JC,화산JC,화산
IC,북영천IC,북영천
IC,임고 하이패스IC,임고 하이패스
터널,임고1터널,임고1
휴게소,영천휴게소(대구),영천
터널,임고4터널,임고4
IC,서포항IC,서포항
터널,달전터널,달전
IC,포항IC,포항
JC,익산JC,익산
IC,완주IC,완주
IC,완주IC,완주
JC,완주JC,완주
IC,소양IC,소양
터널,소양1터널,소양1
터널,소양2터널,소양2
터널,상관1터널,상관1
터널,상관2터널,상관2
터널,곰티터널,곰티
터널,부귀1터널,부귀1
터널,부귀2터널,부귀2
터널,진안1터널,진안1
터널,진안2터널,진안2
휴게소,마이산휴게소(장수),마이산
휴게소,진안휴게소(장수),진안
IC,진안IC,진안
터널,진안3터널,진안3
터널,방곡터널,방곡
터널,장수터널,장수
IC,장수IC,장수
JC,장수JC,장수
JC,익산JC,익산
IC,완주IC,완주
IC,완주IC,완주
JC,완주JC,완주
IC,소양IC,소양
터널,소양1터널,소양1
터널,소양2터널,소양2
터널,상관1터널,상관1
터널,상관2터널,상관2
터널,곰티터널,곰티
터널,부귀1터널,부귀1
터널,부귀2터널,부귀2
터널,진안1터널,진안1
터널,진안2터널,진안2
휴게소,진안휴게소(익산),진안
휴게소,마이산휴게소(익산),마이산
IC,진안IC,진안
터널,진안3터널,진안3
터널,방곡터널,방곡
터널,장수터널,장수
IC,장수IC,장수
JC,장수JC,장수
IC,서순천IC,서순천
터널,순천2터널,순천2
IC,승주IC,승주
터널,순천1터널,순천1
IC,주암IC,주암
휴게소,주암휴게소(천안),주암
IC,석곡IC,석곡
터널,석곡터널,석곡
IC,곡성IC,곡성
휴게소,곡성휴게소(천안),곡성
IC,옥과IC,옥과
터널,대덕터널,대덕
JC,대덕JC,대덕
IC,창평IC,창평
JC,고서JC,고서
TG,동광주TG,동광주
JC,문흥JC,문흥
IC,동광주IC,동광주
IC,용봉IC,용봉
IC,서광주IC,서광주
IC,동림IC,동림
IC,산월IC,산월
IC,광산IC,광산
IC,북광산IC,북광산
TG,광주TG,광주
IC,장성IC,장성
JC,장성JC,장성
휴게소,백양사휴게소(천안),백양사
IC,백양사IC,백양사
터널,호남터널,호남
IC,내장산IC,내장산
IC,정읍IC,정읍
휴게소,정읍휴게소(천안),정읍
IC,태인IC,태인
IC,금산사IC,금산사
IC,김제IC,김제
휴게소,이서휴게소(천안),이서
IC,서전주IC,서전주
IC,전주IC,전주
IC,삼례IC,삼례
JC,익산JC,익산
IC,익산IC,익산
휴게소,여산휴게소(천안),여산
JC,논산JC,논산
IC,서순천IC,서순천
휴게소,순천휴게소(순천),순천
터널,순천2터널,순천2
IC,승주IC,승주
터널,순천1터널,순천1
IC,주암IC,주암
휴게소,주암휴게소(순천),주암
IC,석곡IC,석곡
터널,석곡터널,석곡
IC,곡성IC,곡성
휴게소,곡성휴게소(순천),곡성
IC,옥과IC,옥과
터널,대덕터널,대덕
JC,대덕JC,대덕
IC,창평IC,창평
JC,고서JC,고서
TG,동광주TG,동광주
JC,문흥JC,문흥
IC,동광주IC,동광주
IC,용봉IC,용봉
IC,서광주IC,서광주
IC,동림IC,동림
IC,산월IC,산월
IC,광산IC,광산
IC,북광산IC,북광산
TG,광주TG,광주
IC,장성IC,장성
JC,장성JC,장성
휴게소,백양사휴게소(순천),백양사
IC,백양사IC,백양사
터널,호남터널,호남
IC,내장산IC,내장산
IC,정읍IC,정읍
휴게소,정읍휴게소(순천),정읍
IC,태인IC,태인
IC,금산사IC,금산사
IC,김제IC,김제
휴게소,이서휴게소(순천),이서
IC,서전주IC,서전주
IC,전주IC,전주
IC,삼례IC,삼례
JC,익산JC,익산
IC,익산IC,익산
휴게소,여산휴게소(순천),여산
JC,논산JC,논산
JC,논산JC,논산
IC,연무IC,연무
IC,서논산IC,서논산
IC,탄천IC,탄천
휴게소,이인휴게소(천안),이인
IC,남공주IC,남공주
JC,공주JC,공주
JC,북공주JC,북공주
터널,정우터널,정우
휴게소,정안휴게소(천안),정안
IC,정안IC,정안
터널,차령터널,차령
IC,남풍세IC,남풍세
IC,남천안IC,남천안
JC,천안JC,천안
JC,논산JC,논산
IC,연무IC,연무
IC,서논산IC,서논산
IC,탄천IC,탄천
휴게소,탄천휴게소(순천),탄천
IC,남공주IC,남공주
JC,공주JC,공주
JC,북공주JC,북공주
터널,정우터널,정우
휴게소,정안휴게소(순천),정안
IC,정안IC,정안
터널,차령터널,차령
IC,남풍세IC,남풍세
IC,남천안IC,남천안
JC,천안JC,천안
점,순천완주선시점,순천완주선시점
IC,동순천IC,동순천
JC,순천JC,순천
터널,서면1터널,서면1
터널,서면2터널,서면2
터널,서면3터널,서면3
터널,서면4터널,서면4
터널,서면5터널,서면5
터널,황전1터널,황전1
터널,황전2터널,황전2
IC,황전IC,황전
휴게소,황전휴게소(완주),황전
터널,황전3터널,황전3
터널,구례1터널,구례1
터널,구례2터널,구례2
IC,구례화엄사IC,구례화엄사
터널,용방1터널,용방1
터널,용방2터널,용방2
터널,천마터널,천마
IC,서남원IC,서남원
JC,남원JC,남원
IC,북남원IC,북남원
터널,사매1터널,사매1
터널,사매2터널,사매2
터널,사매3터널,사매3
터널,사매4터널,사매4
터널,오수1터널,오수1
휴게소,오수휴게소(완주),오수
IC,오수IC,오수
터널,오수2터널,오수2
IC,임실IC,임실
IC,임실IC,임실
터널,관촌1터널,관촌1
터널,관촌1터널,관촌1
터널,관촌2터널,관촌2
터널,관촌2터널,관촌2
휴게소,관촌휴게소(전주),관촌
휴게소,관촌휴게소(전주),관촌
터널,슬치터널,슬치
터널,슬치터널,슬치
터널,용암1터널,용암1
터널,용암1터널,용암1
터널,용암2터널,용암2
터널,용암2터널,용암2
터널,용암3터널,용암3
터널,용암3터널,용암3
터널,용암4터널,용암4
터널,용암4터널,용암4
터널,죽림1터널,죽림1
터널,죽림1터널,죽림1
터널,죽림2터널,죽림2
터널,죽림2터널,죽림2
터널,죽림3터널,죽림3
터널,죽림3터널,죽림3
터널,신리1터널,신리1
터널,신리1터널,신리1
IC,상관IC,상관
터널,신리2터널,신리2
터널,신리3터널,신리3
터널,완산터널,완산
터널,덕진1터널,덕진1
터널,덕진2터널,덕진2
터널,덕진3터널,덕진3
IC,동전주IC,동전주
JC,완주JC,완주
점,순천완주선종점,순천완주선종점
점,순천완주선시점,순천완주선시점
IC,동순천IC,동순천
JC,순천JC,순천
터널,서면1터널,서면1
터널,서면2터널,서면2
터널,서면3터널,서면3
터널,서면4터널,서면4
터널,서면5터널,서면5
터널,황전1터널,황전1
터널,황전2터널,황전2
IC,황전IC,황전
휴게소,황전휴게소(순천),황전
터널,황전3터널,황전3
터널,구례1터널,구례1
터널,구례2터널,구례2
IC,구례화엄사IC,구례화엄사
터널,용방1터널,용방1
터널,용방2터널,용방2
터널,천마터널,천마
IC,서남원IC,서남원
JC,남원JC,남원
IC,북남원IC,북남원
터널,사매1터널,사매1
터널,사매2터널,사매2
터널,사매3터널,사매3
터널,사매4터널,사매4
터널,오수1터널,오수1
휴게소,오수휴게소(순천),오수
IC,오수IC,오수
터널,오수2터널,오수2
IC,임실IC,임실
IC,임실IC,임실
터널,관촌1터널,관촌1
터널,관촌1터널,관촌1
터널,관촌2터널,관촌2
터널,관촌2터널,관촌2
휴게소,관촌휴게소(광양),관촌
휴게소,관촌휴게소(광양),관촌
터널,슬치터널,슬치
터널,슬치터널,슬치
터널,용암1터널,용암1
터널,용암1터널,용암1
터널,용암2터널,용암2
터널,용암2터널,용암2
터널,용암3터널,용암3
터널,용암3터널,용암3
터널,용암4터널,용암4
터널,용암4터널,용암4
터널,죽림1터널,죽림1
터널,죽림1터널,죽림1
터널,죽림2터널,죽림2
터널,죽림2터널,죽림2
터널,죽림3터널,죽림3
터널,죽림3터널,죽림3
터널,신리1터널,신리1
터널,신리1터널,신리1
IC,상관IC,상관
터널,신리2터널,신리2
터널,신리3터널,신리3
터널,완산터널,완산
터널,덕진1터널,덕진1
터널,덕진2터널,덕진2
터널,덕진3터널,덕진3
IC,동전주IC,동전주
JC,완주JC,완주
점,순천완주선종점,순천완주선종점
IC,남구리IC,남구리
IC,중랑IC,중랑
IC,남별내IC,남별내
IC,동의정부IC,동의정부
IC,민락IC,민락
IC,소흘IC,소흘
JC,소흘JC,소흘
IC,선단IC,선단
IC,포천IC,포천
IC,신북IC,신북
IC,남구리IC,남구리
IC,중랑IC,중랑
IC,남별내IC,남별내
IC,동의정부IC,동의정부
IC,민락IC,민락
IC,소흘IC,소흘
JC,소흘JC,소흘
IC,선단IC,선단
IC,포천IC,포천
IC,신북IC,신북
JC,청주JC,청주
IC,문의IC,문의
터널,문의1터널,문의1
터널,문의2터널,문의2
터널,피반령터널,피반령
IC,회인IC,회인
터널,회인터널,회인
터널,수리티터널,수리티
터널,수한터널,수한
IC,보은IC,보은
터널,탄부터널,탄부
IC,속리산IC,속리산
IC,구병산 하이패스IC,구병산 하이패스
휴게소,화서휴게소,화서
IC,화서IC,화서
터널,화서1터널,화서1
터널,화서2터널,화서2
터널,내서1터널,내서1
터널,내서2터널,내서2
터널,내서3터널,내서3
터널,내서4터널내,내서4
IC,남상주IC,남상주
JC,낙동JC,낙동
JC,상주JC,상주
IC,동상주IC,동상주
IC,서의성IC,서의성
휴게소,의성휴게소(영덕),의성
JC,안동JC,안동
IC,북의성IC,북의성
IC,동안동IC,동안동
휴게소,청송휴게소(영덕),청송
IC,청송IC,청송
IC,동청송영양IC,동청송영양
IC,영덕IC,영덕
점,청주영덕선종점,청주영덕선종점
JC,청주JC,청주
IC,문의IC,문의
터널,문의1터널,문의1
터널,문의2터널,문의2
터널,피반령터널,피반령
IC,회인IC,회인
터널,회인터널,회인
터널,수리티터널,수리티
터널,수한터널,수한
IC,보은IC,보은
터널,탄부터널,탄부
IC,속리산IC,속리산
휴게소,속리산휴게소,속리산
IC,구병산 하이패스IC,구병산 하이패스
IC,화서IC,화서
터널,화서1터널,화서1
터널,화서2터널,화서2
터널,내서1터널,내서1
터널,내서2터널,내서2
터널,내서3터널,내서3
터널,내서4터널내,내서4
IC,남상주IC,남상주
JC,낙동JC,낙동
JC,상주JC,상주
IC,동상주IC,동상주
IC,서의성IC,서의성
휴게소,의성휴게소(청주),의성
JC,안동JC,안동
IC,북의성IC,북의성
IC,동안동IC,동안동
휴게소,청송휴게소(청주),청송
IC,청송IC,청송
IC,동청송영양IC,동청송영양
IC,영덕IC,영덕
점,청주영덕선종점,청주영덕선종점
JC,당진JC,당진
IC,면천IC,면천
휴게소,면천임시휴게소,면천임시
IC,고덕IC,고덕
IC,예산수덕IC,예산수덕
터널,대흥터널,대흥
휴게소,예산휴게소(대전),예산
IC,신양IC,신양
터널,차동터널,차동
터널,신영터널,신영
IC,유구IC,유구
터널,화흥터널,화흥
터널,해월터널,해월
터널,호계터널,호계
IC,마곡사IC,마곡사
JC,서공주JC,서공주
JC,공주JC,공주
IC,공주IC,공주
휴게소,공주휴게소(대전),공주
IC,서세종IC,서세종
IC,남세종IC,남세종
터널,유성터널,유성
JC,유성JC,유성
JC,당진JC,당진
IC,면천IC,면천
IC,고덕IC,고덕
IC,예산수덕IC,예산수덕
터널,대흥터널,대흥
휴게소,예산휴게소(당진),예산
IC,신양IC,신양
터널,차동터널,차동
터널,신영터널,신영
IC,유구IC,유구
터널,화흥터널,화흥
터널,해월터널,해월
터널,호계터널,호계
IC,마곡사IC,마곡사
JC,서공주JC,서공주
JC,공주JC,공주
IC,공주IC,공주
휴게소,공주휴게소(당진),공주
IC,서세종IC,서세종
IC,남세종IC,남세종
터널,유성터널,유성
JC,유성JC,유성
JC,옥산JC,옥산
IC,서오창IC,서오창
JC,오창JC,오창
JC,옥산JC,옥산
IC,서오창IC,서오창
JC,오창JC,오창
IC,통영IC,통영
IC,북통영IC,북통영
터널,통영3터널,통영3
터널,통영2터널,통영2
터널,통영1터널,통영1
IC,동고성IC,동고성
IC,고성IC,고성
터널,고성3터널,고성3
휴게소,고성휴게소(하남),고성
터널,고성2터널,고성2
터널,고성1터널,고성1
IC,연화산IC,연화산
터널,사천3터널,사천3
터널,사천2터널,사천2
터널,사천1터널,사천1
JC,진주JC,진주
터널,신율터널,신율
터널,독산터널,독산
IC,서진주IC,서진주
터널,산청3터널,산청3
IC,단성IC,단성
터널,산청2터널,산청2
휴게소,산청휴게소(하남),산청
터널,산청1터널,산청1
IC,산청IC,산청
IC,생초IC,생초
JC,함양JC,함양
휴게소,함양휴게소(하남),함양
IC,지곡IC,지곡
터널,함양터널,함양
IC,서상IC,서상
터널,육십령터널,육십령
터널,오동터널,오동
JC,장수JC,장수
터널,집재터널,집재
휴게소,덕유산휴게소(하남),덕유산
IC,덕유산IC,덕유산
터널,오두재터널,오두재
터널,적상터널,적상
터널,가옥터널,가옥
IC,무주IC,무주
IC,금산IC,금산
휴게소,인삼랜드휴게소(하남),인삼랜드
IC,추부IC,추부
터널,마달터널,마달
IC,남대전IC,남대전
JC,산내JC,산내
IC,판암IC,판암
JC,비룡JC,비룡
터널,중부3터널,중부3
터널,중부2터널,중부2
터널,중부1터널,중부1
IC,통영IC,통영
IC,북통영IC,북통영
터널,통영3터널,통영3
터널,통영2터널,통영2
터널,통영1터널,통영1
IC,동고성IC,동고성
IC,고성IC,고성
터널,고성3터널,고성3
휴게소,고성휴게소(통영),고성
터널,고성2터널,고성2
터널,고성1터널,고성1
IC,연화산IC,연화산
터널,사천3터널,사천3
터널,사천2터널,사천2
터널,사천1터널,사천1
JC,진주JC,진주
터널,신율터널,신율
터널,독산터널,독산
IC,서진주IC,서진주
터널,산청3터널,산청3
IC,단성IC,단성
터널,산청2터널,산청2
휴게소,산청휴게소(통영),산청
터널,산청1터널,산청1
IC,산청IC,산청
IC,생초IC,생초
JC,함양JC,함양
휴게소,함양휴게소(통영),함양
IC,지곡IC,지곡
터널,함양터널,함양
IC,서상IC,서상
터널,육십령터널,육십령
터널,오동터널,오동
JC,장수JC,장수
터널,집재터널,집재
휴게소,덕유산휴게소(통영),덕유산
IC,덕유산IC,덕유산
터널,오두재터널,오두재
터널,적상터널,적상
터널,가옥터널,가옥
IC,무주IC,무주
IC,금산IC,금산
휴게소,인삼랜드휴게소(통영),인삼랜드
IC,추부IC,추부
터널,마달터널,마달
IC,남대전IC,남대전
JC,산내JC,산내
IC,판암IC,판암
JC,비룡JC,비룡
터널,중부3터널,중부3
터널,중부2터널,중부2
터널,중부1터널,중부1
JC,남이JC,남이
IC,서청주IC,서청주
IC,오창IC,오창
JC,오창JC,오창
휴게소,오창휴게소(하남),오창
IC,증평IC,증평
터널,진천터널,진천
IC,진천IC,진천
JC,대소JC,대소
IC,대소IC,대소
IC,삼성 하이패스 IC,삼성 하이패스 
휴게소,음성휴게소(하남),음성
IC,일죽IC,일죽
IC,남이천IC,남이천
,모가,
JC,호법JC,호법
JC,마장JC,마장
휴게소,마장휴게소(남이),마장
IC,서이천IC,서이천
휴게소,이천휴게소(하남),이천
IC,신둔 하이패스IC,신둔 하이패스
IC,곤지암IC,곤지암
JC,경기광주JC,경기광주
IC,경기광주IC,경기광주
JC,산곡JC,산곡
TG,동서울TG,동서울
IC,하남IC,하남
,만남의광장(하남),
JC,하남JC,하남
JC,남이JC,남이
IC,서청주IC,서청주
IC,오창IC,오창
JC,오창JC,오창
휴게소,오창휴게소(통영),오창
IC,증평IC,증평
터널,진천터널,진천
IC,진천IC,진천
JC,대소JC,대소
IC,대소IC,대소
휴게소,음성휴게소(통영),음성
IC,삼성 하이패스 IC,삼성 하이패스 
IC,일죽IC,일죽
IC,남이천IC,남이천
,모가,
JC,호법JC,호법
JC,마장JC,마장
휴게소,마장휴게소(통영),마장
휴게소,이천휴게소(통영),이천
IC,서이천IC,서이천
IC,신둔 하이패스IC,신둔 하이패스
IC,곤지암IC,곤지암
JC,경기광주JC,경기광주
IC,경기광주IC,경기광주
JC,산곡JC,산곡
TG,동서울TG,동서울
IC,하남IC,하남
휴게소,하남만남휴게소(통영),하남만남
,만남의광장(남이),
JC,하남JC,하남
JC,마장JC,마장
IC,서이천IC,서이천
IC,신둔 하이패스IC,신둔 하이패스
IC,곤지암IC,곤지암
JC,경기광주JC,경기광주
교,신월천교,신월천교
터널,하번천터널,하번천
교,천진암교,천진암교
JC,산곡JC,산곡
터널,광지원터널,광지원
JC,마장JC,마장
IC,서이천IC,서이천
IC,신둔 하이패스IC,신둔 하이패스
IC,곤지암IC,곤지암
JC,경기광주JC,경기광주
교,신월천교,신월천교
터널,하번천터널,하번천
교,천진암교,천진암교
터널,광지원터널,광지원
JC,산곡JC,산곡
JC,서평택JC,서평택
IC,청북IC,청북
JC,평택JC,평택
IC,평택고덕IC,평택고덕
터널,평택터널,평택
IC,송탄IC,송탄
JC,안성JC,안성
IC,서안성IC,서안성
IC,남안성IC,남안성
휴게소,안성맞춤휴게소(음성),안성맞춤
터널,금광1터널,금광1
터널,금광2터널,금광2
터널,금광3터널,금광3
터널,안진터널,안진
IC,북진천IC,북진천
JC,대소JC,대소
IC,금왕꽃동네IC,금왕꽃동네
휴게소,금왕휴게소(제천),금왕
IC,음성IC,음성
IC,서충주IC,서충주
JC,충주JC,충주
JC,노은JC,노은
IC,동충주IC,동충주
휴게소,천등산휴게소(제천),천등산
JC,제천JC,제천
JC,서평택JC,서평택
IC,청북IC,청북
JC,평택JC,평택
IC,평택고덕IC,평택고덕
터널,평택터널,평택
IC,송탄IC,송탄
JC,안성JC,안성
IC,서안성IC,서안성
IC,남안성IC,남안성
휴게소,안성맞춤휴게소(안성),안성맞춤
터널,금광1터널,금광1
터널,금광2터널,금광2
터널,금광3터널,금광3
터널,안진터널,안진
IC,북진천IC,북진천
JC,대소JC,대소
IC,금왕꽃동네IC,금왕꽃동네
휴게소,금왕휴게소(평택),금왕
IC,음성IC,음성
IC,서충주IC,서충주
JC,충주JC,충주
JC,노은JC,노은
IC,동충주IC,동충주
휴게소,천등산휴게소(제천),천등산
JC,제천JC,제천
JC,내서JC,내서
TG,칠원TG,칠원
JC,칠원JC,칠원
IC,칠서IC,칠서
휴게소,칠서휴게소(양평),칠서
IC,남지IC,남지
IC,영산IC,영산
IC,창녕IC,창녕
JC,현풍JC,현풍
JC,고령JC,고령
IC,남성주IC,남성주
휴게소,남성주휴게소(김천),남성주
IC,성주IC,성주
휴게소,성주휴게소(양평),성주
IC,남김천IC,남김천
터널,김천2터널,김천2
터널,김천3터널,김천3
JC,김천JC,김천
IC,선산IC,선산
휴게소,선산휴게소(양평),선산
터널,상주터널,상주
JC,낙동JC,낙동
IC,상주IC,상주
IC,북상주IC,북상주
IC,점촌함창IC,점촌함창
휴게소,문경휴게소(양평),문경
터널,진남터널,진남
IC,문경새재IC,문경새재
터널,문경2터널,문경2
터널,문경새재터널,문경새재
IC,연풍IC,연풍
터널,연풍터널,연풍
휴게소,괴산휴게소(양평),괴산
터널,장연터널,장연
IC,괴산IC,괴산
IC,충주IC,충주
IC,중앙탑 하이패스IC,중앙탑 하이패스
휴게소,충주휴게소(양평),충주
IC,북충주IC,북충주
JC,충주JC,충주
IC,감곡IC,감곡
JC,여주JC,여주
IC,남여주IC,남여주
휴게소,서여주휴게소(강릉),서여주
IC,서여주IC,서여주
IC,북여주IC,북여주
IC,남양평 하이패스IC,남양평 하이패스
IC,양평IC,양평
JC,내서JC,내서
TG,칠원TG,칠원
JC,칠원JC,칠원
IC,칠서IC,칠서
IC,남지IC,남지
휴게소,영산휴게소(내서),영산
IC,영산IC,영산
IC,창녕IC,창녕
JC,현풍JC,현풍
JC,고령JC,고령
IC,남성주IC,남성주
휴게소,남성주휴게소(마산),남성주
IC,성주IC,성주
휴게소,성주휴게소(마산),성주
IC,남김천IC,남김천
터널,김천2터널,김천2
터널,김천3터널,김천3
JC,김천JC,김천
IC,선산IC,선산
휴게소,선산휴게소(내서),선산
터널,상주터널,상주
JC,낙동JC,낙동
IC,상주IC,상주
IC,북상주IC,북상주
IC,점촌함창IC,점촌함창
휴게소,문경휴게소(내서),문경
터널,진남터널,진남
IC,문경새재IC,문경새재
터널,문경2터널,문경2
터널,문경새재터널,문경새재
IC,연풍IC,연풍
터널,연풍터널,연풍
터널,장연터널,장연
휴게소,괴산휴게소(내서),괴산
IC,괴산IC,괴산
IC,충주IC,충주
IC,중앙탑 하이패스IC,중앙탑 하이패스
휴게소,충주휴게소(내서),충주
IC,북충주IC,북충주
JC,충주JC,충주
IC,감곡IC,감곡
JC,여주JC,여주
IC,남여주IC,남여주
휴게소,서여주휴게소(인천),서여주
IC,서여주IC,서여주
IC,북여주IC,북여주
IC,남양평 하이패스IC,남양평 하이패스
IC,양평IC,양평
점,영동선시점,영동선시점
JC,서창JC,서창
JC,월곶JC,월곶
JC,군자JC,군자
TG,군자TG,군자
IC,서안산IC,서안산
IC,안산IC,안산
JC,안산JC,안산
터널,반월터널,반월
JC,둔대JC,둔대
IC,군포IC,군포
IC,동군포IC,동군포
IC,부곡IC,부곡
IC,북수원IC,북수원
터널,광교터널,광교
IC,동수원IC,동수원
JC,신갈JC,신갈
IC,마성IC,마성
IC,마성IC,마성
터널,마성터널,마성
터널,마성터널,마성
IC,용인IC,용인
휴게소,용인휴게소(강릉),용인
터널,양지터널,양지
IC,양지IC,양지
IC,덕평IC,덕평
휴게소,덕평휴게소(강릉),덕평
JC,호법JC,호법
IC,이천IC,이천
휴게소,여주휴게소(강릉),여주
JC,여주JC,여주
IC,여주IC,여주
터널,강천터널,강천
IC,문막IC,문막
휴게소,문막휴게소(강릉),문막
JC,만종JC,만종
JC,원주JC,원주
IC,원주IC,원주
IC,새말IC,새말
휴게소,횡성휴게소(강릉),횡성
IC,둔내IC,둔내
IC,동둔내 하이패스IC,동둔내 하이패스
터널,둔내터널,둔내
IC,면온IC,면온
터널,봉평터널,봉평
IC,평창IC,평창
휴게소,평창휴게소(강릉),평창
IC,속사IC,속사
터널,진부1터널,진부1
터널,진부2터널,진부2
터널,진부3터널,진부3
IC,진부IC,진부
IC,대관령IC,대관령
터널,대관령1터널,대관령1
터널,대관령2터널,대관령2
터널,대관령3터널,대관령3
터널,대관령4터널,대관령4
터널,대관령5터널,대관령5
터널,대관령6터널,대관령6
터널,대관령7터널,대관령7
휴게소,강릉휴게소(강릉),강릉
JC,강릉JC,강릉
점,영동선시점,영동선시점
JC,서창JC,서창
JC,월곶JC,월곶
JC,군자JC,군자
TG,군자TG,군자
IC,서안산IC,서안산
IC,안산IC,안산
JC,안산JC,안산
터널,반월터널,반월
JC,둔대JC,둔대
IC,군포IC,군포
IC,동군포IC,동군포
IC,부곡IC,부곡
IC,북수원IC,북수원
터널,광교터널,광교
IC,동수원IC,동수원
JC,신갈JC,신갈
터널,마성터널,마성
IC,마성IC,마성
IC,마성IC,마성
IC,용인IC,용인
휴게소,용인휴게소(인천),용인
터널,양지터널,양지
IC,양지IC,양지
IC,덕평IC,덕평
휴게소,덕평휴게소(인천),덕평
JC,호법JC,호법
IC,이천IC,이천
휴게소,여주휴게소(인천),여주
JC,여주JC,여주
IC,여주IC,여주
터널,강천터널,강천
휴게소,문막휴게소(인천),문막
IC,문막IC,문막
JC,만종JC,만종
JC,원주JC,원주
IC,원주IC,원주
IC,새말IC,새말
휴게소,횡성휴게소(인천),횡성
IC,둔내IC,둔내
IC,동둔내 하이패스IC,동둔내 하이패스
터널,둔내터널,둔내
IC,면온IC,면온
터널,봉평터널,봉평
IC,평창IC,평창
휴게소,평창휴게소(인천),평창
IC,속사IC,속사
터널,진부1터널,진부1
터널,진부2터널,진부2
터널,진부3터널,진부3
IC,진부IC,진부
IC,대관령IC,대관령
터널,대관령1터널,대관령1
터널,대관령2터널,대관령2
터널,대관령3터널,대관령3
터널,대관령4터널,대관령4
터널,대관령5터널,대관령5
터널,대관령6터널,대관령6
터널,대관령7터널,대관령7
휴게소,강릉휴게소(인천),강릉
JC,강릉JC,강릉
JC,경기광주JC,경기광주
터널,곤지암1터널(동측),곤지암1
IC,동곤지암IC,동곤지암
IC,흥천이포IC,흥천이포
IC,대신IC,대신
IC,동여주IC,동여주
IC,동양평IC,동양평
IC,서원주IC,서원주
JC,신평JC,신평
JC,원주JC,원주
JC,경기광주JC,경기광주
터널,곤지암1터널(동측),곤지암1
IC,동곤지암IC,동곤지암
IC,흥천이포IC,흥천이포
IC,대신IC,대신
IC,동여주IC,동여주
IC,동양평IC,동양평
IC,서원주IC,서원주
JC,신평JC,신평
JC,원주JC,원주
IC,삼락IC,삼락
JC,대저JC,대저
IC,초정IC,초정
TG,대동TG,대동
JC,대감JC,대감
JC,대동JC,대동
JC,금호JC,금호
IC,칠곡IC,칠곡
휴게소,동명휴게소(춘천),동명
터널,다부터널,다부
IC,다부IC,다부
IC,가산IC,가산
JC,군위JC,군위
IC,군위IC,군위
휴게소,군위휴게소(춘천),군위
IC,의성IC,의성
JC,안동JC,안동
IC,남안동IC,남안동
휴게소,안동휴게소(춘천),안동
IC,서안동IC,서안동
터널,보문터널,보문
IC,예천IC,예천
IC,영주IC,영주
IC,풍기IC,풍기
터널,죽령터널,죽령
IC,단양IC,단양
휴게소,단양휴게소(춘천),단양
터널,단양터널,단양
터널,현곡터널,현곡
터널,적성터널,적성
IC,북단양IC,북단양
터널,제천터널,제천
IC,남제천IC,남제천
JC,제천JC,제천
IC,제천IC,제천
IC,신림IC,신림
IC,신림IC,신림
휴게소,치악휴게소(춘천),치악
휴게소,치악휴게소(춘천),치악
터널,치악1터널,치악1
터널,치악1터널,치악1
터널,치악2터널,치악2
터널,치악2터널,치악2
터널,치악3터널,치악3
터널,치악3터널,치악3
터널,치악4터널,치악4
터널,치악4터널,치악4
터널,금대1터널,금대1
터널,금대1터널,금대1
터널,금대2터널,금대2
터널,금대2터널,금대2
IC,남원주IC,남원주
터널,만종터널,만종
JC,만종JC,만종
JC,신평JC,신평
IC,북원주IC,북원주
휴게소,원주휴게소(춘천),원주
IC,횡성IC,횡성
터널,횡성터널,횡성
터널,공근터널,공근
터널,삼마치터널,삼마치
터널,남산터널,남산
IC,홍천IC,홍천
휴게소,홍천강휴게소,홍천강
터널,굴지터널,굴지
JC,춘천JC,춘천
터널,원무1터널,원무1
터널,원무2터널,원무2
터널,원창터널,원창
TG,춘천TG,춘천
점,중앙선종점,중앙선종점
점,중앙선종점,중앙선종점
IC,춘천IC,춘천
IC,삼락IC,삼락
JC,대저JC,대저
IC,초정IC,초정
TG,대동TG,대동
JC,대감JC,대감
JC,대동JC,대동
JC,금호JC,금호
IC,칠곡IC,칠곡
휴게소,동명휴게소(부산),동명
터널,다부터널,다부
IC,다부IC,다부
IC,가산IC,가산
JC,군위JC,군위
IC,군위IC,군위
휴게소,군위휴게소(부산),군위
IC,의성IC,의성
JC,안동JC,안동
IC,남안동IC,남안동
휴게소,안동휴게소(부산),안동
IC,서안동IC,서안동
터널,보문터널,보문
IC,예천IC,예천
IC,영주IC,영주
IC,풍기IC,풍기
터널,죽령터널,죽령
IC,단양IC,단양
터널,단양터널,단양
터널,현곡터널,현곡
터널,적성터널,적성
휴게소,단양휴게소(부산),단양
IC,북단양IC,북단양
터널,제천터널,제천
IC,남제천IC,남제천
JC,제천JC,제천
IC,제천IC,제천
IC,신림IC,신림
IC,신림IC,신림
휴게소,치악휴게소(부산),치악
휴게소,치악휴게소(부산),치악
터널,치악2터널,치악2
터널,치악2터널,치악2
터널,치악3터널,치악3
터널,치악3터널,치악3
터널,치악4터널,치악4
터널,치악4터널,치악4
터널,금대1터널,금대1
터널,금대1터널,금대1
터널,금대2터널,금대2
터널,금대2터널,금대2
IC,남원주IC,남원주
터널,만종터널,만종
JC,만종JC,만종
JC,신평JC,신평
IC,북원주IC,북원주
휴게소,원주휴게소(부산),원주
IC,횡성IC,횡성
터널,횡성터널,횡성
터널,공근터널,공근
터널,삼마치터널,삼마치
터널,남산터널,남산
IC,홍천IC,홍천
터널,굴지터널,굴지
JC,춘천JC,춘천
터널,원무1터널,원무1
터널,원무2터널,원무2
터널,원창터널,원창
휴게소,춘천휴게소(부산),춘천
TG,춘천TG,춘천
점,중앙선종점,중앙선종점
점,중앙선종점,중앙선종점
IC,춘천IC,춘천
JC,대동JC,대동
터널,상동1터널,상동1
IC,상동IC,상동
터널,상동2터널,상동2
터널,용산터널,용산
터널,무척산터널,무척산
터널,생림1터널,생림1
터널,생림2터널,생림2
IC,삼랑진IC,삼랑진
터널,삼랑진터널,삼랑진
IC,남밀양IC,남밀양
터널,가곡터널,가곡
IC,밀양IC,밀양
JC,밀양JC,밀양
터널,고정1터널,고정1
터널,고정2터널,고정2
터널,고정3터널,고정3
터널,청도1터널,청도1
휴게소,청도휴게소(대구),청도
IC,청도IC,청도
터널,청도2터널,청도2
터널,남천터널,남천
IC,수성IC,수성
IC,동대구IC,동대구
JC,동대구JC,동대구
JC,대동JC,대동
터널,상동1터널,상동1
IC,상동IC,상동
터널,상동2터널,상동2
터널,용산터널,용산
터널,무척산터널,무척산
터널,생림1터널,생림1
터널,생림2터널,생림2
IC,삼랑진IC,삼랑진
터널,삼랑진터널,삼랑진
IC,남밀양IC,남밀양
터널,가곡터널,가곡
IC,밀양IC,밀양
JC,밀양JC,밀양
터널,고정1터널,고정1
터널,고정2터널,고정2
터널,고정3터널,고정3
터널,청도1터널,청도1
휴게소,청도휴게소(부산),청도
IC,청도IC,청도
터널,청도2터널,청도2
터널,남천터널,남천
IC,수성IC,수성
IC,동대구IC,동대구
JC,동대구JC,동대구
IC,강일IC,강일
IC,선동IC,선동
IC,미사IC,미사
IC,덕소삼패IC,덕소삼패
TG,남양주TG,남양주
IC,화도IC,화도
IC,서종IC,서종
IC,설악IC,설악
휴게소,가평휴게소(양양),가평
IC,강촌IC,강촌
IC,남춘천IC,남춘천
TG,동산TG,동산
IC,조양IC,조양
JC,춘천JC,춘천
IC,동홍천IC,동홍천
휴게소,홍천휴게소(양양),홍천
IC,내촌IC,내촌
휴게소,내린천휴게소(양양),내린천
IC,인제IC,인제
터널,인제터널,인제
IC,서양양IC,서양양
JC,양양JC,양양
IC,강일IC,강일
IC,선동IC,선동
IC,미사IC,미사
IC,덕소삼패IC,덕소삼패
TG,남양주TG,남양주
IC,화도IC,화도
IC,서종IC,서종
IC,설악IC,설악
휴게소,가평휴게소(서울),가평
IC,강촌IC,강촌
IC,남춘천IC,남춘천
TG,동산TG,동산
IC,조양IC,조양
JC,춘천JC,춘천
IC,동홍천IC,동홍천
휴게소,홍천휴게소(서울),홍천
IC,내촌IC,내촌
휴게소,내린천휴게소(서울),내린천
IC,인제IC,인제
터널,인제터널,인제
IC,서양양IC,서양양
JC,양양JC,양양
IC,근덕IC,근덕
터널,동해터널,동해
IC,삼척IC,삼척
IC,동해IC,동해
터널,강릉1터널,강릉1
터널,강릉2터널,강릉2
터널,강릉3터널,강릉3
터널,강릉4터널,강릉4
IC,망상IC,망상
터널,강릉5터널,강릉5
휴게소,옥계휴게소(속초),옥계
IC,옥계IC,옥계
IC,남강릉IC,남강릉
휴게소,구정휴게소(주문진),구정
IC,강릉IC,강릉
JC,강릉JC,강릉
IC,북강릉IC,북강릉
터널,현남터널,현남
터널,현북터널,현북
IC,남양양IC,남양양
IC,하조대IC,하조대
JC,양양JC,양양
IC,양양IC,양양
IC,북양양IC,북양양
IC,속초IC,속초
IC,근덕IC,근덕
터널,동해터널,동해
IC,삼척IC,삼척
IC,동해IC,동해
터널,강릉1터널,강릉1
터널,강릉2터널,강릉2
터널,강릉3터널,강릉3
터널,강릉4터널,강릉4
터널,강릉5터널,강릉5
IC,망상IC,망상
휴게소,동해휴게소(삼척),동해
IC,옥계IC,옥계
IC,남강릉IC,남강릉
휴게소,구정휴게소(동해),구정
IC,강릉IC,강릉
JC,강릉JC,강릉
터널,현남터널,현남
IC,북강릉IC,북강릉
터널,현북터널,현북
IC,남양양IC,남양양
IC,하조대IC,하조대
JC,양양JC,양양
IC,양양IC,양양
IC,북양양IC,북양양
IC,속초IC,속초
점,부산울산선시점,부산울산선시점
터널,해운대터널,해운대
IC,동부산IC,동부산
IC,해운대IC,해운대
터널,기장1터널,기장1
터널,기장2터널,기장2
IC,일광IC,일광
JC,기장JC,기장
터널,일광터널,일광
IC,장안IC,장안
휴게소,장안휴게소(울산),장안
IC,온양IC,온양
터널,온양터널,온양
IC,청량IC,청량
JC,울주JC,울주
IC,문수IC,문수
터널,문수터널,문수
JC,울산JCT,울산
점,부산울산선시점,부산울산선시점
터널,해운대터널,해운대
IC,동부산IC,동부산
IC,해운대IC,해운대
터널,기장1터널,기장1
터널,기장2터널,기장2
IC,일광IC,일광
JC,기장JC,기장
터널,일광터널,일광
IC,장안IC,장안
휴게소,장안휴게소(부산),장안
IC,온양IC,온양
터널,온양터널,온양
IC,청량IC,청량
JC,울주JC,울주
IC,문수IC,문수
터널,문수터널,문수
JC,울산JCT,울산
JC,울산JCT,울산
IC,범서IC,범서
휴게소,외동휴게소(울산),외동
IC,남경주IC,남경주
IC,동경주IC,동경주
TG,남포항TG,남포항
IC,남포항IC,남포항
JC,울산JCT,울산
IC,범서IC,범서
휴게소,외동휴게소(포항),외동
IC,남경주IC,남경주
IC,동경주IC,동경주
TG,남포항TG,남포항
IC,남포항IC,남포항
JC,판교JC,판교
JC,판교JC,판교
IC,성남IC,성남
IC,성남IC,성남
TG,성남TG,성남
TG,성남TG,성남
IC,송파IC,송파
IC,송파IC,송파
IC,서하남IC,서하남
IC,서하남IC,서하남
터널,광암터널,광암
터널,광암터널,광암
JC,하남JC,하남
JC,하남JC,하남
IC,상일IC,상일
IC,상일IC,상일
IC,강일IC,강일
IC,강일IC,강일
IC,토평IC,토평
IC,토평IC,토평
TG,구리남양주TG,구리남양주
TG,구리남양주TG,구리남양주
IC,남양주IC,남양주
IC,남양주IC,남양주
IC,구리IC,구리
IC,구리IC,구리
휴게소,구리휴게소(퇴계원),구리
휴게소,구리휴게소(퇴계원),구리
IC,퇴계원IC,퇴계원
IC,퇴계원IC,퇴계원
톨게이트,불암산톨게이트,불암산
톨게이트,불암산톨게이트,불암산
IC,별내IC,별내
터널,불암산터널,불암산
터널,수락산터널,수락산
IC,의정부IC,의정부
터널,사패산터널,사패산
IC,송추IC,송추
터널,노고산2터널,노고산2
터널,노고산1터널,노고산1
TG,양주TG,양주
IC,통일로IC,통일로
JC,고양JC,고양
IC,고양IC,고양
IC,일산IC,일산
IC,일산IC,일산
IC,자유로IC,자유로
IC,자유로IC,자유로
IC,김포IC,김포
IC,김포IC,김포
TG,김포TG,김포
TG,김포TG,김포
JC,노오지JC,노오지
JC,노오지JC,노오지
IC,계양IC,계양
IC,계양IC,계양
JC,서운JC,서운
JC,서운JC,서운
IC,중동IC,중동
IC,중동IC,중동
IC,송내IC,송내
IC,송내IC,송내
IC,장수IC,장수
IC,장수IC,장수
IC,장수IC,장수
터널,소래터널,소래
터널,소래터널,소래
터널,소래터널,소래
IC,시흥IC,시흥
IC,시흥IC,시흥
TG,시흥TG,시흥
TG,시흥TG,시흥
JC,안현JC,안현
JC,안현JC,안현
JC,도리JC,도리
JC,도리JC,도리
휴게소,시흥하늘휴게소(구리),시흥하늘
휴게소,시흥하늘휴게소(구리),시흥하늘
JC,조남JC,조남
JC,조남JC,조남
터널,수암터널,수암
터널,수암터널,수암
터널,수리터널,수리
터널,수리터널,수리
IC,산본IC,산본
IC,산본IC,산본
터널,안양터널,안양
터널,안양터널,안양
IC,평촌IC,평촌
IC,평촌IC,평촌
JC,학의JC,학의
JC,학의JC,학의
TG,청계TG,청계
터널,청계터널,청계
JC,판교JC,판교
JC,판교JC,판교
JC,판교JC,판교
IC,성남IC,성남
IC,성남IC,성남
TG,성남TG,성남
TG,성남TG,성남
IC,송파IC,송파
IC,송파IC,송파
IC,서하남IC,서하남
IC,서하남IC,서하남
터널,광암터널,광암
터널,광암터널,광암
휴게소,서하남휴게소(판교),서하남
휴게소,서하남휴게소(판교),서하남
JC,하남JC,하남
JC,하남JC,하남
IC,상일IC,상일
IC,상일IC,상일
IC,강일IC,강일
IC,강일IC,강일
IC,토평IC,토평
IC,토평IC,토평
TG,구리남양주TG,구리남양주
TG,구리남양주TG,구리남양주
IC,남양주IC,남양주
IC,남양주IC,남양주
IC,구리IC,구리
IC,구리IC,구리
IC,퇴계원IC,퇴계원
IC,퇴계원IC,퇴계원
톨게이트,불암산톨게이트,불암산
톨게이트,불암산톨게이트,불암산
IC,별내IC,별내
터널,불암산터널,불암산
터널,수락산터널,수락산
IC,의정부IC,의정부
터널,사패산터널,사패산
IC,송추IC,송추
터널,노고산2터널,노고산2
터널,노고산1터널,노고산1
TG,양주TG,양주
IC,통일로IC,통일로
JC,고양JC,고양
IC,고양IC,고양
IC,일산IC,일산
IC,일산IC,일산
IC,자유로IC,자유로
IC,자유로IC,자유로
IC,김포IC,김포
IC,김포IC,김포
TG,김포TG,김포
TG,김포TG,김포
JC,노오지JC,노오지
JC,노오지JC,노오지
IC,계양IC,계양
IC,계양IC,계양
JC,서운JC,서운
JC,서운JC,서운
IC,중동IC,중동
IC,중동IC,중동
IC,송내IC,송내
IC,송내IC,송내
IC,장수IC,장수
IC,장수IC,장수
IC,장수IC,장수
터널,소래터널,소래
터널,소래터널,소래
터널,소래터널,소래
IC,시흥IC,시흥
IC,시흥IC,시흥
TG,시흥TG,시흥
TG,시흥TG,시흥
JC,안현JC,안현
JC,안현JC,안현
JC,도리JC,도리
JC,도리JC,도리
휴게소,시흥하늘휴게소(일산),시흥하늘
휴게소,시흥하늘휴게소(일산),시흥하늘
JC,조남JC,조남
JC,조남JC,조남
터널,수암터널,수암
터널,수암터널,수암
터널,수리터널,수리
터널,수리터널,수리
IC,산본IC,산본
IC,산본IC,산본
터널,안양터널,안양
터널,안양터널,안양
IC,평촌IC,평촌
IC,평촌IC,평촌
JC,학의JC,학의
JC,학의JC,학의
TG,청계TG,청계
터널,청계터널,청계
JC,판교JC,판교
JC,산인JC,산인
JC,내서JC,내서
IC,서마산IC,서마산
IC,동마산IC,동마산
TG,마산TG,마산
JC,창원JC,창원
JC,산인JC,산인
JC,내서JC,내서
IC,서마산IC,서마산
IC,동마산IC,동마산
TG,마산TG,마산
JC,창원JC,창원
JC,냉정JC,냉정
휴게소,장유휴게소(부산),장유
휴게소,장유휴게소(부산),장유
IC,장유IC,장유
TG,서부산TG,서부산
IC,가락IC,가락
IC,서부산IC,서부산
IC,감전IC,감전
JC,냉정JC,냉정
IC,장유IC,장유
TG,서부산TG,서부산
IC,가락IC,가락
IC,서부산IC,서부산
IC,감전IC,감전
점,인천시점,인천시점
JC,학익JC,학익
IC,문학IC,문학
IC,남동IC,남동
JC,서창JC,서창
TG,남인천TG,남인천
IC,신천IC,신천
JC,안현JC,안현
IC,광명IC,광명
JC,일직JC,일직
IC,석수IC,석수
IC,삼막IC,삼막
IC,북의왕IC,북의왕
IC,북청계IC,북청계
IC,동판교IC,동판교
교,여수고가교,여수고가교
점,인천시점,인천시점
JC,학익JC,학익
IC,문학IC,문학
IC,남동IC,남동
JC,서창JC,서창
TG,남인천TG,남인천
IC,신천IC,신천
JC,안현JC,안현
IC,광명IC,광명
JC,일직JC,일직
IC,석수IC,석수
IC,삼막IC,삼막
IC,북의왕IC,북의왕
IC,북청계IC,북청계
IC,동판교IC,동판교
교,여수고가교,여수고가교
JC,공항신도시JC,공항신도시
IC,영종IC,영종
TG,인천대교TG,인천대교
JC,연수JC,연수
IC,옥련IC,옥련
IC,송도IC,송도
JC,학익JC,학익
JC,공항신도시JC,공항신도시
IC,영종IC,영종
TG,인천대교TG,인천대교
JC,연수JC,연수
IC,옥련IC,옥련
IC,송도IC,송도
JC,학익JC,학익
점,인천시점,인천시점
IC,도화IC,도화
IC,가좌IC,가좌
IC,서인천IC,서인천
IC,부평IC,부평
TG,인천TG,인천
JC,서운JC,서운
IC,부천IC,부천
IC,신월IC,신월
IC,목동교IC,목동교
점,인천시점,인천시점
IC,도화IC,도화
IC,가좌IC,가좌
IC,서인천IC,서인천
IC,부평IC,부평
TG,인천TG,인천
JC,서운JC,서운
IC,부천IC,부천
IC,신월IC,신월
IC,목동교IC,목동교
IC,신월IC,신월
터널,서울제물포터널시점,서울제물포
터널,서울제물포터널2km지점,서울제물포
터널,서울제물포터널4km지점,서울제물포
JC,여의도JC,여의도
점,서울제물포선종점,서울제물포선종점
IC,신월IC,신월
터널,서울제물포터널시점,서울제물포
터널,서울제물포터널2km지점,서울제물포
터널,서울제물포터널4km지점,서울제물포
JC,여의도JC,여의도
점,서울제물포선종점,서울제물포선종점
IC,신불IC,신불
JC,공항신도시JC,공항신도시
IC,공항입구IC,공항입구
IC,북인천IC,북인천
TG,인천공항TG,인천공항
JC,노오지JC,노오지
IC,김포공항IC,김포공항
JC,88JC,88
JC,북로JC,북로
IC,신불IC,신불
JC,공항신도시JC,공항신도시
IC,공항입구IC,공항입구
IC,북인천IC,북인천
TG,인천공항TG,인천공항
JC,노오지JC,노오지
IC,김포공항IC,김포공항
JC,88JC,88
JC,북로JC,북로
IC,동서천IC,동서천
JC,동서천JC,동서천
터널,서천터널,서천
터널,가덕터널,가덕
터널,부여2터널,부여2
IC,서부여IC,서부여
휴게소,부여휴게소(동서천),부여
IC,부여IC,부여
터널,부여1터널,부여1
IC,청양IC,청양
터널,앵봉터널,앵봉
IC,서공주IC,서공주
JC,서공주JC,서공주
IC,동서천IC,동서천
JC,동서천JC,동서천
터널,서천터널,서천
터널,가덕터널,가덕
터널,부여2터널,부여2
IC,서부여IC,서부여
휴게소,부여휴게소(서공주),부여
IC,부여IC,부여
터널,부여1터널,부여1
IC,청양IC,청양
터널,앵봉터널,앵봉
IC,서공주IC,서공주
JC,서공주JC,서공주
IC,흥덕IC,흥덕
IC,흥덕IC,흥덕
지하차도,금광지하차도남측,금광지하차도남측
지하차도,금광지하차도북측,금광지하차도북측
IC,광교IC,광교
IC,광교IC,광교
IC,서수지IC,서수지
영업소,서수지영업소,서수지영업소
IC,서수지IC,서수지
터널,고기터널남측,고기
터널,고기터널북측,고기
점,고기분기점남측,고기분기점남측
IC,서분당IC,서분당
IC,서분당IC,서분당
점,고기분기점북측,고기분기점북측
JC,고기JCT,고기
터널,하산운터널남측,하산운
터널,하산운터널북측,하산운
IC,서판교IC남측,서판교
IC,서판교IC북측,서판교
IC,서판교IC,서판교
터널,운중터널남측,운중
터널,운중터널북측,운중
영업소,금토영업소,금토영업소
톨게이트,금토톨게이트,금토
JC,금토JC,금토
IC,고등IC,고등
IC,고등IC,고등
터널,심곡터널남측,심곡
터널,심곡터널북측,심곡
터널,세곡터널남측,세곡
터널,세곡터널북측,세곡
IC,헌릉IC,헌릉
IC,헌릉IC,헌릉
IC,흥덕IC,흥덕
IC,흥덕IC,흥덕
지하차도,금광지하차도남측,금광지하차도남측
지하차도,금광지하차도북측,금광지하차도북측
IC,광교IC,광교
IC,광교IC,광교
IC,서수지IC,서수지
영업소,서수지영업소,서수지영업소
IC,서수지IC,서수지
터널,고기터널남측,고기
터널,고기터널북측,고기
점,고기분기점남측,고기분기점남측
IC,서분당IC,서분당
IC,서분당IC,서분당
점,고기분기점북측,고기분기점북측
JC,고기JCT,고기
터널,하산운터널남측,하산운
터널,하산운터널북측,하산운
IC,서판교IC남측,서판교
IC,서판교IC북측,서판교
IC,서판교IC,서판교
터널,운중터널남측,운중
터널,운중터널북측,운중
영업소,금토영업소,금토영업소
JC,금토JC,금토
톨게이트,금토톨게이트,금토
IC,고등IC,고등
IC,고등IC,고등
터널,심곡터널남측,심곡
터널,심곡터널북측,심곡
터널,세곡터널남측,세곡
터널,세곡터널북측,세곡
IC,헌릉IC,헌릉
IC,헌릉IC,헌릉
JC,논산JC,논산
IC,논산IC,논산
IC,양촌 하이패스 IC,양촌 하이패스 
휴게소,벌곡휴게소(회덕),벌곡
IC,계룡IC,계룡
IC,계룡IC,계룡
JC,서대전JC,서대전
IC,유성IC,유성
JC,유성JC,유성
IC,북대전IC,북대전
JC,회덕JC,회덕
JC,논산JC,논산
IC,논산IC,논산
IC,양촌 하이패스 IC,양촌 하이패스 
휴게소,벌곡휴게소(논산),벌곡
IC,계룡IC,계룡
IC,계룡IC,계룡
JC,서대전JC,서대전
IC,유성IC,유성
JC,유성JC,유성
IC,북대전IC,북대전
JC,회덕JC,회덕
JC,서대전JC,서대전
IC,서대전IC,서대전
터널,구봉터널,구봉
터널,안영1터널,안영1
IC,안영IC,안영
터널,안영2터널,안영2
터널,구완터널,구완
JC,산내JC,산내
JC,서대전JC,서대전
IC,서대전IC,서대전
터널,구봉터널,구봉
터널,안영1터널,안영1
IC,안영IC,안영
터널,안영2터널,안영2
터널,구완터널,구완
JC,산내JC,산내
JC,낙동JC,낙동
JC,상주JC,상주
TG,낙동TG,낙동
IC,도개IC,도개
IC,서군위IC,서군위
JC,군위JC,군위
IC,동군위IC,동군위
IC,신녕IC,신녕
JC,화산JC,화산
IC,동영천IC,동영천
TG,영천TG,영천
IC,북안IC,북안
JC,영천JC,영천
JC,낙동JC,낙동
JC,상주JC,상주
TG,낙동TG,낙동
IC,도개IC,도개
IC,서군위IC,서군위
JC,군위JC,군위
IC,동군위IC,동군위
IC,신녕IC,신녕
JC,화산JC,화산
IC,동영천IC,동영천
TG,영천TG,영천
IC,북안IC,북안
JC,영천JC,영천
영업소,고잔영업소,고잔영업소
IC,정왕IC,정왕
JC,월곶JC,월곶
IC,연성IC,연성
TG,물왕TG,물왕
JC,도리JC,도리
IC,목감IC,목감
영업소,고잔영업소,고잔영업소
IC,정왕IC,정왕
JC,월곶JC,월곶
IC,연성IC,연성
TG,물왕TG,물왕
JC,도리JC,도리
IC,목감IC,목감
JC,동탄JC,동탄
IC,북오산IC,북오산
JC,서오산JC,서오산
JC,동탄JC,동탄
IC,북오산IC,북오산
JC,서오산JC,서오산
점,인천김포시점,인천김포시점
IC,남청라IC,남청라
IC,북청라IC,북청라
IC,검단양촌IC,검단양촌
IC,대곶IC,대곶
IC,서김포IC,서김포
점,인천김포시점,인천김포시점
IC,남청라IC,남청라
IC,북청라IC,북청라
IC,검단양촌IC,검단양촌
IC,대곶IC,대곶
IC,서김포IC,서김포
JC,소흘JC,소흘
IC,옥정IC,옥정
IC,양주IC,양주
JC,소흘JC,소흘
IC,옥정IC,옥정
IC,양주IC,양주
JC,화성JC,화성
IC,남봉담IC,남봉담
터널,봉담터널시점,봉담
터널,봉담터널종점,봉담
IC,남비봉IC,남비봉
JC,팔탄JC,팔탄
터널,팔탄터널시점,팔탄
터널,팔탄터널종점,팔탄
IC,화성IC,화성
IC,마도IC,마도
JC,마도JC,마도
JC,화성JC,화성
IC,남봉담IC,남봉담
터널,봉담터널시점,봉담
터널,봉담터널종점,봉담
IC,남비봉IC,남비봉
JC,팔탄JC,팔탄
터널,팔탄터널시점,팔탄
터널,팔탄터널종점,팔탄
IC,화성IC,화성
IC,마도IC,마도
JC,마도JC,마도
JC,현풍JC,현풍
IC,북현풍 하이패스 IC,북현풍 하이패스 
휴게소,현풍휴게소(대구),현풍
터널,달성2터널,달성2
터널,달성1터널,달성1
IC,달성IC,달성
JC,옥포JC,옥포
TG,화원옥포TG,화원옥포
TG,화원옥포TG,화원옥포
IC,화원옥포IC,화원옥포
IC,유천 하이패스IC,유천 하이패스
IC,남대구IC,남대구
IC,성서IC,성서
IC,서대구IC,서대구
TG,서대구TG,서대구
TG,서대구TG,서대구
JC,금호JC,금호
JC,현풍JC,현풍
휴게소,현풍휴게소(현풍),현풍
IC,북현풍 하이패스 IC,북현풍 하이패스 
터널,달성2터널,달성2
터널,달성1터널,달성1
IC,달성IC,달성
JC,옥포JC,옥포
TG,화원옥포TG,화원옥포
TG,화원옥포TG,화원옥포
IC,화원옥포IC,화원옥포
IC,유천 하이패스IC,유천 하이패스
IC,남대구IC,남대구
IC,성서IC,성서
IC,서대구IC,서대구
TG,서대구TG,서대구
TG,서대구TG,서대구
JC,금호JC,금호
JC,김해JC,김해
JC,대동JC,대동
IC,물금IC,물금
IC,남양산IC,남양산
JC,양산JC,양산
JC,김해JC,김해
JC,대동JC,대동
IC,물금IC,물금
IC,남양산IC,남양산
JC,양산JC,양산
JC,진영JC,진영
IC,진영IC,진영
IC,한림IC,한림
IC,광재IC,광재
JC,대감JC,대감
,김해가야Hi,
JC,노포JC,노포
IC,금정IC,금정
IC,기장철마IC,기장철마
JC,기장JC,기장
JC,진영JC,진영
IC,진영IC,진영
IC,한림IC,한림
IC,광재IC,광재
JC,대감JC,대감
,김해가야Hi,
JC,노포JC,노포
IC,금정IC,금정
IC,기장철마IC,기장철마
JC,기장JC,기장
터널,북방1터널,북방1
터널,북방1터널,북방1
